timestamp,open,high,low,close,adjusted_close,volume,dividend_amount,split_coefficient
2019-10-16,26.4200,26.4351,26.3000,26.4268,26.4268,928,0.0000,1.0000
2019-10-15,26.6100,26.6100,26.4000,26.4000,26.4000,26579,0.0000,1.0000
2019-10-14,26.5200,26.5900,26.4400,26.5400,26.5400,34000,0.0000,1.0000
2019-10-11,26.4500,26.6100,26.4500,26.5100,26.5100,15800,0.0000,1.0000
2019-10-10,26.4300,26.5000,26.4200,26.4500,26.4500,8600,0.0000,1.0000
2019-10-09,26.4100,26.5500,26.3730,26.4700,26.4700,28700,0.0000,1.0000
2019-10-08,26.4200,26.4890,26.3500,26.3900,26.3900,23200,0.0000,1.0000
2019-10-07,26.4500,26.5180,26.4000,26.4300,26.4300,21800,0.0000,1.0000
2019-10-04,26.4700,26.6780,26.3720,26.5300,26.5300,40700,0.0000,1.0000
2019-10-03,26.4100,26.4900,26.1820,26.4700,26.4700,13100,0.0000,1.0000
2019-10-02,26.5000,26.5000,26.2250,26.3500,26.3500,18300,0.0000,1.0000
2019-10-01,26.3700,26.5500,26.3700,26.5300,26.5300,28700,0.0000,1.0000
2019-09-30,26.7300,26.7300,26.2800,26.3000,26.3000,148400,0.3910,1.0000
2019-09-27,26.9400,27.1100,26.8800,26.9100,26.5190,34500,0.0000,1.0000
2019-09-26,27.1700,27.1700,26.9300,26.9500,26.5584,13700,0.0000,1.0000
2019-09-25,27.2600,27.2600,27.0300,27.0800,26.6865,31900,0.0000,1.0000
2019-09-24,27.3400,27.3400,27.0700,27.2100,26.8146,20300,0.0000,1.0000
2019-09-23,27.2000,27.3900,27.0600,27.2700,26.8738,40200,0.0000,1.0000
2019-09-20,27.0100,27.2000,26.9300,27.1900,26.7949,13300,0.0000,1.0000
2019-09-19,27.1100,27.2200,26.9950,27.0000,26.6077,28600,0.0000,1.0000
2019-09-18,26.9400,27.1900,26.8900,26.9600,26.5683,35800,0.0000,1.0000
2019-09-17,26.7800,26.9400,26.7800,26.8700,26.4796,14600,0.0000,1.0000
2019-09-16,26.7500,26.9500,26.5970,26.9500,26.5584,10000,0.0000,1.0000
2019-09-13,27.0400,27.0400,26.4100,26.6300,26.2431,27200,0.0000,1.0000
2019-09-12,26.9000,27.1000,26.8110,27.0300,26.6373,19200,0.0000,1.0000
2019-09-11,26.9300,26.9300,26.7200,26.9000,26.5091,19500,0.0000,1.0000
2019-09-10,26.9900,27.0000,26.7700,26.7700,26.3810,18300,0.0000,1.0000
2019-09-09,27.0000,27.0000,26.8670,26.9400,26.5486,18600,0.0000,1.0000
2019-09-06,26.9300,26.9800,26.7600,26.8500,26.4599,21900,0.0000,1.0000
2019-09-05,26.8500,26.8500,26.7650,26.8200,26.4303,19400,0.0000,1.0000
2019-09-04,26.6300,26.8500,26.6300,26.8500,26.4599,41100,0.0000,1.0000
2019-09-03,26.5600,26.6600,26.4950,26.6200,26.2332,20500,0.0000,1.0000
2019-08-30,26.5600,26.7100,26.4400,26.4400,26.0558,145800,0.0000,1.0000
2019-08-29,26.8000,26.8700,26.5900,26.5900,26.2036,22100,0.0000,1.0000
2019-08-28,26.6100,26.7900,26.5520,26.7700,26.3810,48200,0.0000,1.0000
2019-08-27,26.6100,26.6200,26.5400,26.6200,26.2332,19700,0.0000,1.0000
2019-08-26,26.5900,26.6400,26.5400,26.5900,26.2036,18900,0.0000,1.0000
2019-08-23,26.7600,26.7600,26.5500,26.5500,26.1642,25600,0.0000,1.0000
2019-08-22,26.7000,26.7700,26.6450,26.7000,26.3121,31100,0.0000,1.0000
2019-08-21,26.6800,26.7200,26.5400,26.7000,26.3121,22300,0.0000,1.0000
2019-08-20,26.5700,26.7200,26.5350,26.6400,26.2529,32700,0.0000,1.0000
2019-08-19,26.5000,26.5900,26.4600,26.5600,26.1741,10800,0.0000,1.0000
2019-08-16,26.7800,26.7785,26.4400,26.4400,26.0558,48200,0.0000,1.0000
2019-08-15,26.6200,26.8700,26.5950,26.7300,26.3416,44100,0.0000,1.0000
2019-08-14,26.3600,26.6100,26.3610,26.6100,26.2234,25800,0.0000,1.0000
2019-08-13,26.3100,26.4800,26.3100,26.4200,26.0361,37200,0.0000,1.0000
2019-08-12,26.3300,26.4500,26.3000,26.3200,25.9376,14100,0.0000,1.0000
2019-08-09,26.3200,26.3850,26.3000,26.3700,25.9868,46300,0.0000,1.0000
2019-08-08,26.3700,26.3700,26.2800,26.3000,25.9179,7500,0.0000,1.0000
2019-08-07,26.3700,26.5350,26.2720,26.2800,25.8982,22800,0.0000,1.0000
2019-08-06,26.4800,26.5000,26.4300,26.4700,26.0854,22200,0.0000,1.0000
2019-08-05,26.4200,26.4198,26.2600,26.2900,25.9080,12900,0.0000,1.0000
2019-08-02,26.4500,26.5660,26.3960,26.5000,26.1150,47200,0.0000,1.0000
2019-08-01,26.3900,26.5400,26.3903,26.4200,26.0361,40600,0.0000,1.0000
2019-07-31,26.4100,26.6000,26.3300,26.3600,25.9770,182600,0.0000,1.0000
2019-07-30,26.5300,26.6000,26.3800,26.3800,25.9967,44400,0.0000,1.0000
2019-07-29,26.4800,26.6000,26.4800,26.5700,26.1839,38600,0.0000,1.0000
2019-07-26,26.4000,26.5500,26.4000,26.5000,26.1150,16600,0.0000,1.0000
2019-07-25,26.4700,26.5900,26.4100,26.4300,26.0460,20200,0.0000,1.0000
2019-07-24,26.4400,26.5700,26.4400,26.4700,26.0854,48800,0.0000,1.0000
2019-07-23,26.5300,26.7000,26.4300,26.4600,26.0755,20100,0.0000,1.0000
2019-07-22,26.6800,26.7400,26.5400,26.5500,26.1642,32500,0.0000,1.0000
2019-07-19,26.6900,26.8900,26.6700,26.7300,26.3416,40700,0.0000,1.0000
2019-07-18,26.6100,26.8900,26.6100,26.7600,26.3712,28000,0.0000,1.0000
2019-07-17,26.4600,26.6400,26.4000,26.6300,26.2431,20000,0.0000,1.0000
2019-07-16,26.3400,26.4600,26.3400,26.4600,26.0755,36500,0.0000,1.0000
2019-07-15,26.2400,26.3600,26.2180,26.3400,25.9573,18300,0.0000,1.0000
2019-07-12,26.1300,26.2400,26.0800,26.2200,25.8390,20600,0.0000,1.0000
2019-07-11,26.1200,26.1680,26.1000,26.1100,25.7306,21100,0.0000,1.0000
2019-07-10,26.1308,26.2000,26.0700,26.0800,25.7011,27000,0.0000,1.0000
2019-07-09,26.0800,26.1700,26.0700,26.1000,25.7208,24300,0.0000,1.0000
2019-07-08,26.1300,26.1500,26.0600,26.1100,25.7306,20400,0.0000,1.0000
2019-07-05,26.1800,26.1799,26.0100,26.1200,25.7405,38700,0.0000,1.0000
2019-07-03,26.2400,26.3800,26.1500,26.2300,25.8489,13300,0.0000,1.0000
2019-07-02,26.0700,26.2600,26.0700,26.2500,25.8686,30800,0.0000,1.0000
2019-07-01,26.0900,26.1800,26.0000,26.0700,25.6912,37500,0.0000,1.0000
2019-06-28,26.4300,26.4300,25.8700,25.8900,25.5138,177800,0.3910,1.0000
2019-06-27,26.7500,26.7500,26.5600,26.5900,25.8183,31900,0.0000,1.0000
2019-06-26,26.8000,26.8000,26.6500,26.7500,25.9737,16300,0.0000,1.0000
2019-06-25,26.7821,26.8850,26.6600,26.7700,25.9931,15500,0.0000,1.0000
2019-06-24,26.8600,26.8600,26.7000,26.7000,25.9251,16300,0.0000,1.0000
2019-06-21,27.0700,27.1400,26.7600,26.8600,26.0805,16400,0.0000,1.0000
2019-06-20,26.9000,27.2300,26.9000,27.0500,26.2650,24200,0.0000,1.0000
2019-06-19,26.8500,27.0700,26.7510,26.9800,26.1970,22200,0.0000,1.0000
2019-06-18,26.9500,26.9600,26.7300,26.8100,26.0319,58900,0.0000,1.0000
2019-06-17,26.6700,27.0100,26.6170,26.8400,26.0611,57400,0.0000,1.0000
2019-06-14,26.5900,26.7400,26.4600,26.7400,25.9640,25000,0.0000,1.0000
2019-06-13,26.4700,26.6200,26.4500,26.5510,25.7805,11500,0.0000,1.0000
2019-06-12,26.5600,26.6200,26.4500,26.4500,25.6824,12000,0.0000,1.0000
2019-06-11,26.8199,26.8200,26.5100,26.5500,25.7795,16600,0.0000,1.0000
2019-06-10,26.6400,26.7300,26.5200,26.7300,25.9543,30200,0.0000,1.0000
2019-06-07,26.3800,26.6400,26.3502,26.6400,25.8669,23600,0.0000,1.0000
2019-06-06,26.3300,26.4100,26.2300,26.3400,25.5756,25900,0.0000,1.0000
2019-06-05,26.3100,26.3800,26.2300,26.3200,25.5562,17600,0.0000,1.0000
2019-06-04,26.2300,26.3400,26.1798,26.3300,25.5659,17000,0.0000,1.0000
2019-06-03,26.1900,26.2400,26.1400,26.2240,25.4630,16800,0.0000,1.0000
2019-05-31,26.2000,26.3014,26.1400,26.1400,25.3814,120100,0.0000,1.0000
2019-05-30,26.2300,26.3330,26.1900,26.3100,25.5465,30300,0.0000,1.0000
2019-05-29,26.2000,26.2469,26.1500,26.2400,25.4785,29500,0.0000,1.0000
2019-05-28,26.1500,26.2600,26.1500,26.2100,25.4494,32600,0.0000,1.0000
2019-05-24,26.1800,26.2092,26.1400,26.1700,25.4105,24100,0.0000,1.0000
2019-05-23,26.1500,26.1800,26.1000,26.1200,25.3620,21300,0.0000,1.0000
2019-05-22,26.2000,26.2100,26.1000,26.1700,25.4105,59800,0.0000,1.0000
2019-05-21,26.1300,26.1900,26.1200,26.1500,25.3911,15900,0.0000,1.0000
2019-05-20,26.1200,26.1940,26.1100,26.1300,25.3717,16700,0.0000,1.0000
2019-05-17,26.2000,26.2200,26.1000,26.1200,25.3620,20900,0.0000,1.0000
2019-05-16,26.2200,26.2500,26.1870,26.2000,25.4396,38900,0.0000,1.0000
2019-05-15,26.1900,26.2400,26.1320,26.2400,25.4785,17300,0.0000,1.0000
2019-05-14,26.1500,26.2000,26.1000,26.1600,25.4008,16900,0.0000,1.0000
2019-05-13,26.0500,26.1900,26.0500,26.1500,25.3911,13100,0.0000,1.0000
2019-05-10,26.1300,26.2000,26.0300,26.2000,25.4396,16400,0.0000,1.0000
2019-05-09,26.1600,26.2000,26.0500,26.1100,25.3523,25900,0.0000,1.0000
2019-05-08,26.1200,26.2000,26.1200,26.1840,25.4241,19600,0.0000,1.0000
2019-05-07,26.2400,26.3000,26.1200,26.1350,25.3765,26800,0.0000,1.0000
2019-05-06,26.2000,26.2590,26.1360,26.2400,25.4785,23400,0.0000,1.0000
2019-05-03,26.2400,26.2600,26.1500,26.2600,25.4979,23400,0.0000,1.0000
2019-05-02,26.2600,26.2700,26.1300,26.2000,25.4396,16800,0.0000,1.0000
2019-05-01,26.0688,26.2600,26.0700,26.2500,25.4882,59300,0.0000,1.0000
2019-04-30,26.2200,26.2200,26.0200,26.0200,25.2649,142200,0.0000,1.0000
2019-04-29,26.0300,26.2600,26.0100,26.2200,25.4591,27000,0.0000,1.0000
2019-04-26,26.1800,26.1890,26.0000,26.0200,25.2649,38100,0.0000,1.0000
2019-04-25,26.2700,26.2800,26.1100,26.1500,25.3911,33700,0.0000,1.0000
2019-04-24,26.2698,26.2920,26.1700,26.1800,25.4202,21100,0.0000,1.0000
2019-04-23,26.2000,26.2500,26.1400,26.1700,25.4105,33300,0.0000,1.0000
2019-04-22,26.1900,26.2500,26.1310,26.1400,25.3814,24200,0.0000,1.0000
2019-04-18,26.2800,26.2890,26.1400,26.1500,25.3911,25500,0.0000,1.0000
2019-04-17,26.3300,26.3900,26.2700,26.3300,25.5659,13700,0.0000,1.0000
2019-04-16,26.2100,26.3600,26.2085,26.3100,25.5465,25200,0.0000,1.0000
2019-04-15,26.3400,26.3700,26.1900,26.1900,25.4299,22400,0.0000,1.0000
2019-04-12,26.2700,26.3200,26.1600,26.1600,25.4008,30200,0.0000,1.0000
2019-04-11,26.2200,26.2700,26.1400,26.1900,25.4299,23800,0.0000,1.0000
2019-04-10,26.1600,26.2900,26.1000,26.2500,25.4882,35500,0.0000,1.0000
2019-04-09,26.1900,26.2400,26.0600,26.0900,25.3328,14500,0.0000,1.0000
2019-04-08,26.2200,26.2500,26.1200,26.1200,25.3620,26800,0.0000,1.0000
2019-04-05,26.0900,26.2581,26.0900,26.1800,25.4202,39800,0.0000,1.0000
2019-04-04,26.1800,26.1800,26.0500,26.0900,25.3328,53500,0.0000,1.0000
2019-04-03,26.0600,26.1912,26.0400,26.1300,25.3717,49000,0.0000,1.0000
2019-04-02,26.1200,26.1300,25.9500,25.9900,25.2357,49300,0.0000,1.0000
2019-04-01,26.1100,26.1300,26.0020,26.1200,25.3620,62200,0.0000,1.0000
2019-03-29,25.9400,26.1300,25.8000,26.1300,25.3717,99500,0.3910,1.0000
2019-03-28,26.2800,26.3500,26.1800,26.2400,25.0988,36800,0.0000,1.0000
2019-03-27,26.3200,26.4704,26.1690,26.2000,25.0606,43400,0.0000,1.0000
2019-03-26,26.2400,26.3300,26.1407,26.2500,25.1084,45400,0.0000,1.0000
2019-03-25,26.3400,26.3540,26.1120,26.1500,25.0127,16400,0.0000,1.0000
2019-03-22,26.2700,26.4300,26.2100,26.3200,25.1754,26100,0.0000,1.0000
2019-03-21,26.3100,26.5400,26.2910,26.3200,25.1754,42300,0.0000,1.0000
2019-03-20,26.3500,26.4500,26.1260,26.4400,25.2901,37100,0.0000,1.0000
2019-03-19,26.5000,26.5400,26.2600,26.3500,25.2041,17800,0.0000,1.0000
2019-03-18,26.5200,26.6300,26.4200,26.4900,25.3380,46300,0.0000,1.0000
2019-03-15,26.3800,26.5000,26.2320,26.4650,25.3140,34000,0.0000,1.0000
2019-03-14,26.3300,26.4400,26.1450,26.4400,25.2901,49900,0.0000,1.0000
2019-03-13,26.1500,26.3800,26.0910,26.3000,25.1562,30200,0.0000,1.0000
2019-03-12,26.1500,26.1500,26.0600,26.1500,25.0127,31600,0.0000,1.0000
2019-03-11,26.0800,26.1310,25.9200,26.1200,24.9841,32000,0.0000,1.0000
2019-03-08,25.9600,26.0800,25.9610,26.0800,24.9458,51900,0.0000,1.0000
2019-03-07,26.0700,26.0830,25.9300,26.0200,24.8884,47200,0.0000,1.0000
2019-03-06,26.0600,26.1300,25.9200,26.0700,24.9362,52900,0.0000,1.0000
2019-03-05,25.8800,26.1000,25.8600,26.1000,24.9649,111300,0.0000,1.0000
2019-03-04,25.9400,25.9400,25.7998,25.8700,24.7449,30600,0.0000,1.0000
2019-03-01,25.7200,26.0000,25.6800,26.0000,24.8693,62900,0.0000,1.0000
2019-02-28,25.9400,25.9400,25.6088,25.6100,24.4962,195700,0.0000,1.0000
2019-02-27,25.9895,25.9900,25.8500,25.9400,24.8119,38700,0.0000,1.0000
2019-02-26,25.9300,26.0500,25.8100,25.9800,24.8501,32600,0.0000,1.0000
2019-02-25,26.1098,26.1100,25.9000,25.9000,24.7736,26500,0.0000,1.0000
2019-02-22,25.9600,26.1100,25.9100,25.9200,24.7928,18800,0.0000,1.0000
2019-02-21,25.8900,25.9600,25.8476,25.9600,24.8310,29100,0.0000,1.0000
2019-02-20,25.8100,25.9800,25.8100,25.8300,24.7067,33300,0.0000,1.0000
2019-02-19,25.8400,25.9900,25.8269,25.8500,24.7258,36900,0.0000,1.0000
2019-02-15,25.8000,25.9800,25.7200,25.9300,24.8023,23500,0.0000,1.0000
2019-02-14,25.8200,25.9791,25.7900,25.8700,24.7449,22100,0.0000,1.0000
2019-02-13,25.7200,26.0700,25.7200,26.0000,24.8693,49900,0.0000,1.0000
2019-02-12,25.6990,25.8400,25.6900,25.7600,24.6397,47400,0.0000,1.0000
2019-02-11,25.6600,25.7800,25.6600,25.7000,24.5823,14500,0.0000,1.0000
2019-02-08,25.6300,25.7498,25.6300,25.7400,24.6206,22100,0.0000,1.0000
2019-02-07,25.6500,25.7800,25.6090,25.6300,24.5154,45900,0.0000,1.0000
2019-02-06,25.8000,25.8000,25.5600,25.7500,24.6301,29500,0.0000,1.0000
2019-02-05,25.8100,25.9300,25.7000,25.8000,24.6780,30500,0.0000,1.0000
2019-02-04,25.9000,25.9034,25.7670,25.8300,24.7067,25900,0.0000,1.0000
2019-02-01,26.0700,26.1230,25.7800,25.9300,24.8023,23600,0.0000,1.0000
2019-01-31,25.7800,26.1300,25.7800,25.9800,24.8501,80100,0.0000,1.0000
2019-01-30,25.6800,25.9700,25.6800,25.7600,24.6397,65100,0.0000,1.0000
2019-01-29,25.7500,25.9000,25.6500,25.6800,24.5632,23500,0.0000,1.0000
2019-01-28,25.6900,25.9700,25.6500,25.7800,24.6588,43800,0.0000,1.0000
2019-01-25,25.6300,25.9500,25.6300,25.7300,24.6110,43000,0.0000,1.0000
2019-01-24,25.5300,25.7000,25.5100,25.7000,24.5823,36200,0.0000,1.0000
2019-01-23,25.6100,25.6800,25.5000,25.5300,24.4197,25500,0.0000,1.0000
2019-01-22,25.5200,25.6100,25.4080,25.6100,24.4962,42300,0.0000,1.0000
2019-01-18,25.4400,25.5500,25.3100,25.5500,24.4388,55200,0.0000,1.0000
2019-01-17,25.3694,25.4400,25.3100,25.4300,24.3241,25000,0.0000,1.0000
2019-01-16,25.4200,25.4415,25.3700,25.3700,24.2667,13800,0.0000,1.0000
2019-01-15,25.4506,25.4500,25.3300,25.4200,24.3145,51800,0.0000,1.0000
2019-01-14,25.3700,25.4700,25.2900,25.3400,24.2380,53900,0.0000,1.0000
2019-01-11,25.2100,25.4000,25.2100,25.3600,24.2571,36900,0.0000,1.0000
2019-01-10,25.3100,25.4100,25.2000,25.2000,24.1041,62800,0.0000,1.0000
2019-01-09,25.4000,25.5400,25.3500,25.3900,24.2858,77300,0.0000,1.0000
2019-01-08,25.5500,25.5500,25.2300,25.3500,24.2475,53400,0.0000,1.0000
2019-01-07,25.3800,25.5400,25.1500,25.4600,24.3528,33100,0.0000,1.0000
2019-01-04,25.2118,25.4700,25.0730,25.2700,24.1710,42400,0.0000,1.0000
2019-01-03,24.8800,25.0600,24.8300,24.9900,23.9032,57500,0.0000,1.0000
2019-01-02,24.7200,25.0380,24.7000,24.9000,23.8171,70600,0.0000,1.0000
2018-12-31,24.5300,24.9700,24.5300,24.8200,23.7406,85100,0.3906,1.0000
2018-12-28,24.3500,24.5560,24.2500,24.4850,23.0465,104800,0.3910,1.0000
2018-12-27,24.8300,24.8300,24.6000,24.6940,22.8752,54000,0.0000,1.0000
2018-12-26,24.6600,24.9100,24.6600,24.8800,23.0475,32300,0.0000,1.0000
2018-12-24,24.9800,24.9800,24.3750,24.6310,22.8169,20200,0.0000,1.0000
2018-12-21,24.9100,24.9800,24.6000,24.7600,22.9364,54500,0.0000,1.0000
2018-12-20,25.0000,25.0424,24.6680,25.0300,23.1865,70600,0.0000,1.0000
2018-12-19,25.0000,25.0500,24.9560,25.0100,23.1679,42200,0.0000,1.0000
2018-12-18,24.9200,25.1488,24.9100,24.9700,23.1309,62000,0.0000,1.0000
2018-12-17,25.1600,25.1600,24.8720,24.9200,23.0846,33700,0.0000,1.0000
2018-12-14,25.1100,25.1900,24.9900,25.1000,23.2513,94600,0.0000,1.0000
2018-12-13,25.1500,25.2430,25.1000,25.1200,23.2698,22800,0.0000,1.0000
2018-12-12,25.2800,25.3510,25.1500,25.1500,23.2976,45900,0.0000,1.0000
2018-12-11,25.1900,25.3500,25.1210,25.2800,23.4181,43600,0.0000,1.0000
2018-12-10,25.1100,25.2300,25.1000,25.1900,23.3347,95900,0.0000,1.0000
2018-12-07,25.0200,25.1900,25.0200,25.1200,23.2698,37600,0.0000,1.0000
2018-12-06,24.7800,25.0700,24.7787,25.0700,23.2235,48600,0.0000,1.0000
2018-12-04,25.1700,25.2070,24.9800,25.0300,23.1865,203600,0.0000,1.0000
2018-12-03,25.3000,25.3000,25.1200,25.1700,23.3162,19400,0.0000,1.0000
2018-11-30,25.3100,25.3500,25.1600,25.2900,23.4273,25200,0.0000,1.0000
2018-11-29,25.3200,25.4400,25.2000,25.2000,23.3439,31500,0.0000,1.0000
2018-11-28,25.4200,25.4400,25.2800,25.3900,23.5200,35800,0.0000,1.0000
2018-11-27,25.2500,25.4400,25.2500,25.3800,23.5107,19600,0.0000,1.0000
2018-11-26,25.3900,25.4200,25.1920,25.3000,23.4366,24700,0.0000,1.0000
2018-11-23,25.3800,25.3800,25.2700,25.3600,23.4922,12300,0.0000,1.0000
2018-11-21,25.4400,25.4400,25.2500,25.3800,23.5107,11800,0.0000,1.0000
2018-11-20,25.2300,25.3353,25.2200,25.2600,23.3995,24000,0.0000,1.0000
2018-11-19,25.4900,25.4900,25.3200,25.3300,23.4644,14900,0.0000,1.0000
2018-11-16,25.4600,25.4700,25.3500,25.4040,23.5329,16000,0.0000,1.0000
2018-11-15,25.5300,25.5490,25.4600,25.4600,23.5848,33500,0.0000,1.0000
2018-11-14,25.5700,25.7000,25.5092,25.5660,23.6830,23100,0.0000,1.0000
2018-11-13,25.6200,25.7100,25.5700,25.6900,23.7979,22100,0.0000,1.0000
2018-11-12,25.6600,25.7100,25.6350,25.7100,23.8164,17600,0.0000,1.0000
2018-11-09,25.6166,25.8000,25.5900,25.7500,23.8534,14800,0.0000,1.0000
2018-11-08,25.6500,25.8190,25.5800,25.7200,23.8256,20500,0.0000,1.0000
2018-11-07,25.6100,25.7700,25.6002,25.6500,23.7608,35600,0.0000,1.0000
2018-11-06,25.5800,25.6800,25.5800,25.6550,23.7654,15900,0.0000,1.0000
2018-11-05,25.5200,25.6800,25.4804,25.6800,23.7886,26300,0.0000,1.0000
2018-11-02,25.5500,25.6630,25.5500,25.5700,23.6867,9600,0.0000,1.0000
2018-11-01,25.5100,25.7250,25.5100,25.5500,23.6682,10700,0.0000,1.0000
2018-10-31,25.6000,25.6600,25.5000,25.6600,23.7701,19700,0.0000,1.0000
2018-10-30,25.5700,25.6500,25.5040,25.6000,23.7145,20200,0.0000,1.0000
2018-10-29,25.3600,25.7100,25.3600,25.7100,23.8164,18600,0.0000,1.0000
2018-10-26,25.3500,25.5100,25.3100,25.4000,23.5292,28500,0.0000,1.0000
2018-10-25,25.4600,25.4800,25.3100,25.4100,23.5385,25500,0.0000,1.0000
2018-10-24,25.3900,25.5200,25.2900,25.4600,23.5848,33800,0.0000,1.0000
2018-10-23,25.2719,25.5220,25.2700,25.4500,23.5755,24100,0.0000,1.0000
2018-10-22,25.4000,25.5000,25.3100,25.4800,23.6033,14700,0.0000,1.0000
2018-10-19,25.3000,25.5300,25.2200,25.5300,23.6496,68900,0.0000,1.0000
2018-10-18,25.2506,25.3540,25.2100,25.3000,23.4366,34300,0.0000,1.0000
2018-10-17,25.2500,25.3300,25.2100,25.2500,23.3903,15500,0.0000,1.0000
2018-10-16,25.3500,25.3500,25.1610,25.3000,23.4366,47100,0.0000,1.0000
2018-10-15,25.3800,25.3800,25.1800,25.3200,23.4551,37200,0.0000,1.0000
2018-10-12,25.3200,25.4291,25.1800,25.2400,23.3810,38600,0.0000,1.0000
2018-10-11,25.2200,25.3800,25.0500,25.2900,23.4273,43600,0.0000,1.0000
2018-10-10,25.4000,25.5000,25.1650,25.3000,23.4366,104500,0.0000,1.0000
2018-10-09,25.2800,25.5800,25.2800,25.5800,23.6960,33600,0.0000,1.0000
2018-10-08,25.3000,25.4490,25.2280,25.3800,23.5107,41000,0.0000,1.0000
2018-10-05,25.2700,25.4583,25.1500,25.3000,23.4366,37900,0.0000,1.0000
2018-10-04,25.4900,25.5500,25.3700,25.4000,23.5292,55500,0.0000,1.0000
2018-10-03,25.6600,25.7400,25.5000,25.5700,23.6867,42300,0.0000,1.0000
2018-10-02,25.6500,25.7840,25.6300,25.7050,23.8118,87400,0.0000,1.0000
2018-10-01,25.7524,25.7500,25.6500,25.6600,23.7701,67800,0.0000,1.0000
2018-09-28,25.8300,25.8700,25.7400,25.7400,23.8442,33700,0.3910,1.0000
2018-09-27,26.0600,26.1707,26.0600,26.1300,23.8432,33300,0.0000,1.0000
2018-09-26,26.1200,26.2206,26.0600,26.1200,23.8341,27500,0.0000,1.0000
2018-09-25,26.0600,26.1500,26.0500,26.1200,23.8341,36500,0.0000,1.0000
2018-09-24,26.1000,26.1500,26.0700,26.1000,23.8159,22500,0.0000,1.0000
2018-09-21,26.1000,26.1890,26.0500,26.1200,23.8341,37100,0.0000,1.0000
2018-09-20,26.0800,26.1760,26.0801,26.0800,23.7976,18000,0.0000,1.0000
2018-09-19,26.1300,26.1500,26.0800,26.0900,23.8067,24500,0.0000,1.0000
2018-09-18,26.0900,26.1800,26.0900,26.1300,23.8432,20000,0.0000,1.0000
2018-09-17,26.2000,26.2200,26.1100,26.1100,23.8250,12200,0.0000,1.0000
2018-09-14,26.1700,26.2700,26.0700,26.2700,23.9710,35000,0.0000,1.0000
2018-09-13,26.2300,26.3100,26.1700,26.2100,23.9162,27000,0.0000,1.0000
2018-09-12,26.1900,26.2390,26.1700,26.2300,23.9345,19300,0.0000,1.0000
2018-09-11,26.1700,26.2700,26.1700,26.1700,23.8797,18800,0.0000,1.0000
2018-09-10,26.1800,26.2500,26.0690,26.2050,23.9117,22300,0.0000,1.0000
2018-09-07,26.2098,26.2100,26.0700,26.1500,23.8615,28900,0.0000,1.0000
2018-09-06,26.2500,26.3040,26.1600,26.2110,23.9172,24300,0.0000,1.0000
2018-09-05,26.3800,26.4200,26.2300,26.3100,24.0075,26200,0.0000,1.0000
2018-09-04,26.4000,26.5100,26.2400,26.3300,24.0257,24900,0.0000,1.0000
2018-08-31,26.3693,26.4700,26.3700,26.3700,24.0622,26100,0.0000,1.0000
2018-08-30,26.3500,26.4601,26.3500,26.4100,24.0987,13400,0.0000,1.0000
2018-08-29,26.3500,26.5190,26.3489,26.4100,24.0987,16000,0.0000,1.0000
2018-08-28,26.3400,26.5300,26.3100,26.4700,24.1535,29800,0.0000,1.0000
2018-08-27,26.4000,26.4600,26.3400,26.3400,24.0349,14200,0.0000,1.0000
2018-08-24,26.3400,26.4700,26.3000,26.4700,24.1535,19100,0.0000,1.0000
2018-08-23,26.3300,26.4200,26.3300,26.4200,24.1079,29900,0.0000,1.0000
2018-08-22,26.4000,26.4211,26.3300,26.3800,24.0714,20000,0.0000,1.0000
2018-08-21,26.3400,26.4500,26.3411,26.3800,24.0714,13800,0.0000,1.0000
2018-08-20,26.4000,26.5100,26.3400,26.4800,24.1626,29100,0.0000,1.0000
2018-08-17,26.4300,26.4300,26.2800,26.3300,24.0257,15000,0.0000,1.0000
2018-08-16,26.4300,26.4300,26.3000,26.3500,24.0440,10200,0.0000,1.0000
2018-08-15,26.2500,26.4240,26.2500,26.4000,24.0896,14500,0.0000,1.0000
2018-08-14,26.3113,26.3800,26.2500,26.2500,23.9527,13800,0.0000,1.0000
2018-08-13,26.3100,26.3100,26.2500,26.3100,24.0075,10100,0.0000,1.0000
2018-08-10,26.2900,26.3530,26.1600,26.2000,23.9071,15700,0.0000,1.0000
2018-08-09,26.2400,26.3420,26.2400,26.2900,23.9892,11300,0.0000,1.0000
2018-08-08,26.3200,26.3770,26.2600,26.3000,23.9984,20000,0.0000,1.0000
2018-08-07,26.3500,26.4300,26.2400,26.3900,24.0805,18200,0.0000,1.0000
2018-08-06,26.3400,26.3870,26.3100,26.3100,24.0075,18600,0.0000,1.0000
2018-08-03,26.3900,26.4300,26.3300,26.4300,24.1170,17800,0.0000,1.0000
2018-08-02,26.2200,26.4200,26.2040,26.4200,24.1079,19200,0.0000,1.0000
2018-08-01,26.2900,26.3330,26.1700,26.2200,23.9254,16900,0.0000,1.0000
2018-07-31,26.3288,26.4100,26.3000,26.4100,24.0987,16600,0.0000,1.0000
2018-07-30,26.2700,26.3500,26.1500,26.3000,23.9984,24800,0.0000,1.0000
2018-07-27,26.4600,26.5163,26.3200,26.3500,24.0440,11500,0.0000,1.0000
2018-07-26,26.4700,26.5912,26.4300,26.4300,24.1170,18200,0.0000,1.0000
2018-07-25,26.4700,26.6400,26.4700,26.5550,24.2311,22200,0.0000,1.0000
2018-07-24,26.5300,26.6400,26.4370,26.5700,24.2447,11700,0.0000,1.0000
2018-07-23,26.4600,26.6180,26.4600,26.5000,24.1809,12600,0.0000,1.0000
2018-07-20,26.5501,26.6500,26.4210,26.6500,24.3177,40500,0.0000,1.0000
2018-07-19,26.4700,26.5320,26.3800,26.4600,24.1444,18400,0.0000,1.0000
2018-07-18,26.3800,26.5620,26.3450,26.5000,24.1809,29300,0.0000,1.0000
2018-07-17,26.6000,26.7000,26.3510,26.3600,24.0531,64400,0.0000,1.0000
2018-07-16,26.8600,26.8600,26.5400,26.6000,24.2721,30100,0.0000,1.0000
2018-07-13,26.9000,26.9800,26.6900,26.8400,24.4911,22000,0.0000,1.0000
2018-07-12,26.9100,26.9810,26.8213,26.9600,24.6006,14100,0.0000,1.0000
2018-07-11,26.9100,26.9800,26.9000,26.9800,24.6189,27600,0.0000,1.0000
2018-07-10,26.9510,27.0100,26.8700,26.9700,24.6097,22100,0.0000,1.0000
2018-07-09,26.8500,27.1350,26.7000,27.0200,24.6554,44600,0.0000,1.0000
2018-07-06,26.7500,27.1200,26.7500,26.9300,24.5732,29300,0.0000,1.0000
2018-07-05,26.7600,26.8400,26.5300,26.8400,24.4911,26200,0.0000,1.0000
2018-07-03,26.4700,26.7700,26.4700,26.7600,24.4181,19100,0.0000,1.0000
2018-07-02,26.1502,26.5800,26.1000,26.5200,24.1991,43300,0.0000,1.0000
2018-06-29,26.1000,26.2730,26.1000,26.1200,23.8341,33900,0.0000,1.0000
2018-06-28,26.0692,26.1700,26.0600,26.1500,23.8615,27600,0.3910,1.0000
2018-06-27,26.5200,26.6180,26.3500,26.4300,23.7602,25700,0.0000,1.0000
2018-06-26,26.6200,26.6200,26.5200,26.5200,23.8411,16400,0.0000,1.0000
2018-06-25,26.6200,26.6900,26.6000,26.6100,23.9220,16600,0.0000,1.0000
2018-06-22,26.6500,26.7200,26.5600,26.7000,24.0029,13500,0.0000,1.0000
2018-06-21,26.5999,26.6600,26.6000,26.6300,23.9400,21500,0.0000,1.0000
2018-06-20,26.6000,26.7700,26.6000,26.6600,23.9670,13200,0.0000,1.0000
2018-06-19,26.7000,26.7000,26.6010,26.6500,23.9580,29200,0.0000,1.0000
2018-06-18,26.6600,26.8679,26.6600,26.7780,24.0731,20900,0.0000,1.0000
2018-06-15,26.6400,26.7982,26.6400,26.7700,24.0659,13800,0.0000,1.0000
2018-06-14,26.6111,26.7800,26.5800,26.7500,24.0479,25200,0.0000,1.0000
2018-06-13,26.5998,26.7200,26.5000,26.6800,23.9850,26500,0.0000,1.0000
2018-06-12,26.6400,26.6700,26.5830,26.6100,23.9220,25500,0.0000,1.0000
2018-06-11,26.7900,26.7900,26.6200,26.7300,24.0299,11800,0.0000,1.0000
2018-06-08,26.7300,26.7800,26.6838,26.7100,24.0119,15000,0.0000,1.0000
2018-06-07,26.7100,26.8091,26.7100,26.7900,24.0838,22800,0.0000,1.0000
2018-06-06,26.6600,26.8500,26.6600,26.8000,24.0928,31900,0.0000,1.0000
2018-06-05,26.5500,26.8100,26.5300,26.7900,24.0838,64200,0.0000,1.0000
2018-06-04,26.5400,26.5900,26.3900,26.5800,23.8951,22900,0.0000,1.0000
2018-06-01,26.3500,26.5600,26.3450,26.5600,23.8771,20000,0.0000,1.0000
2018-05-31,26.4300,26.4300,26.2500,26.4100,23.7422,27400,0.0000,1.0000
2018-05-30,26.3900,26.5000,26.3500,26.4500,23.7782,28500,0.0000,1.0000
2018-05-29,26.4600,26.6800,26.2500,26.3800,23.7153,35100,0.0000,1.0000
2018-05-25,26.2700,26.6190,26.2700,26.5100,23.8321,13300,0.0000,1.0000
2018-05-24,26.1400,26.3800,26.0700,26.3800,23.7153,39400,0.0000,1.0000
2018-05-23,26.0500,26.1300,26.0200,26.1100,23.4725,15300,0.0000,1.0000
2018-05-22,26.0600,26.1180,25.9900,26.1000,23.4635,27000,0.0000,1.0000
2018-05-21,26.0700,26.1100,26.0300,26.0600,23.4276,21900,0.0000,1.0000
2018-05-18,26.0300,26.1400,26.0100,26.0300,23.4006,9900,0.0000,1.0000
2018-05-17,26.1100,26.1500,26.0300,26.0900,23.4546,16800,0.0000,1.0000
2018-05-16,26.1300,26.1800,26.0500,26.1700,23.5265,19700,0.0000,1.0000
2018-05-15,26.1200,26.1999,26.0400,26.1700,23.5265,21300,0.0000,1.0000
2018-05-14,26.1800,26.3000,26.1200,26.2200,23.5714,21100,0.0000,1.0000
2018-05-11,26.0200,26.2500,25.9700,26.2500,23.5984,45800,0.0000,1.0000
2018-05-10,26.1000,26.1700,26.0200,26.0700,23.4366,40300,0.0000,1.0000
2018-05-09,26.1200,26.1692,26.0600,26.0800,23.4456,26700,0.0000,1.0000
2018-05-08,26.2288,26.2650,26.0800,26.1900,23.5445,28200,0.0000,1.0000
2018-05-07,26.2600,26.3690,26.2300,26.3400,23.6793,28200,0.0000,1.0000
2018-05-04,26.1500,26.3300,26.1500,26.2100,23.5624,26800,0.0000,1.0000
2018-05-03,26.1600,26.3200,26.1500,26.1500,23.5085,19000,0.0000,1.0000
2018-05-02,26.2100,26.3050,26.1500,26.2200,23.5714,10500,0.0000,1.0000
2018-05-01,26.1600,26.4200,26.1500,26.2500,23.5984,7100,0.0000,1.0000
2018-04-30,26.0900,26.2500,26.0900,26.1800,23.5355,19400,0.0000,1.0000
2018-04-27,26.0697,26.2110,26.0200,26.1600,23.5175,28400,0.0000,1.0000
2018-04-26,26.0300,26.1500,25.9350,26.1500,23.5085,45900,0.0000,1.0000
2018-04-25,26.2000,26.2000,25.9400,26.0200,23.3916,106200,0.0000,1.0000
2018-04-24,26.3300,26.3312,26.2000,26.2500,23.5984,35700,0.0000,1.0000
2018-04-23,26.3400,26.3500,26.2600,26.3500,23.6883,14000,0.0000,1.0000
2018-04-20,26.3100,26.4900,26.2200,26.3500,23.6883,79300,0.0000,1.0000
2018-04-19,26.4100,26.4700,26.3200,26.3200,23.6613,18900,0.0000,1.0000
2018-04-18,26.4500,26.5500,26.4140,26.5400,23.8591,25500,0.0000,1.0000
2018-04-17,26.5200,26.5643,26.4400,26.4500,23.7782,41900,0.0000,1.0000
2018-04-16,26.4200,26.6000,26.3800,26.5900,23.9040,29700,0.0000,1.0000
2018-04-13,26.5600,26.7100,26.3800,26.4900,23.8141,30500,0.0000,1.0000
2018-04-12,26.6500,26.7750,26.5700,26.6100,23.9220,29500,0.0000,1.0000
2018-04-11,26.7693,26.9500,26.6300,26.7400,24.0389,39600,0.0000,1.0000
2018-04-10,26.7300,26.9000,26.6200,26.8700,24.1558,14500,0.0000,1.0000
2018-04-09,26.7200,26.9200,26.4900,26.8200,24.1108,28500,0.0000,1.0000
2018-04-06,26.5200,26.8500,26.4500,26.8500,24.1378,26200,0.0000,1.0000
2018-04-05,26.4800,26.7300,26.4500,26.7300,24.0299,31400,0.0000,1.0000
2018-04-04,26.3500,26.6200,26.3511,26.5400,23.8591,18800,0.0000,1.0000
2018-04-03,26.7200,26.7200,26.0500,26.5300,23.8501,108300,0.0000,1.0000
2018-04-02,27.1200,27.1670,26.6800,26.6900,23.9939,22400,0.0000,1.0000
2018-03-29,27.1400,27.2800,26.9500,27.2500,24.4974,29500,0.0000,1.0000
2018-03-28,26.9800,27.2900,26.7900,27.2900,24.5333,25300,0.3910,1.0000
2018-03-27,27.3500,27.4630,27.1300,27.1800,24.0829,20800,0.0000,1.0000
2018-03-26,27.3100,27.4290,26.9800,27.3500,24.2336,15000,0.0000,1.0000
2018-03-23,27.4002,27.6020,27.2100,27.2100,24.1095,22500,0.0000,1.0000
2018-03-22,27.2000,27.5000,27.1700,27.3600,24.2424,16000,0.0000,1.0000
2018-03-21,27.0200,27.3630,26.9600,27.3100,24.1981,22000,0.0000,1.0000
2018-03-20,26.9200,27.2200,26.9200,27.1500,24.0564,12600,0.0000,1.0000
2018-03-19,26.8700,27.0900,26.8700,26.9800,23.9057,39400,0.0000,1.0000
2018-03-16,26.9700,27.0900,26.8650,26.9600,23.8880,86500,0.0000,1.0000
2018-03-15,27.0000,27.2000,26.8700,26.9600,23.8880,173800,0.0000,1.0000
2018-03-14,27.0900,27.1400,26.9050,27.0400,23.9589,73800,0.0000,1.0000
2018-03-13,26.9985,27.1700,26.9300,27.1000,24.0121,30300,0.0000,1.0000
2018-03-12,26.9600,27.1380,26.9600,27.0800,23.9943,9400,0.0000,1.0000
2018-03-09,27.2500,27.2500,26.9400,27.0400,23.9589,34000,0.0000,1.0000
2018-03-08,27.0700,27.5200,27.0700,27.3400,24.2247,64800,0.0000,1.0000
2018-03-07,27.0300,27.2790,27.0300,27.1640,24.0688,72900,0.0000,1.0000
2018-03-06,26.9400,27.1900,26.9200,27.1800,24.0829,24500,0.0000,1.0000
2018-03-05,26.8200,27.0900,26.7000,27.0900,24.0032,22700,0.0000,1.0000
2018-03-02,26.7100,26.9700,26.6870,26.8350,23.7773,23000,0.0000,1.0000
2018-03-01,26.7500,27.0800,26.6300,26.9580,23.8862,16700,0.0000,1.0000
2018-02-28,26.6800,26.9700,26.5410,26.9000,23.8349,70600,0.0000,1.0000
2018-02-27,26.4600,26.7300,26.4100,26.7000,23.6576,69500,0.0000,1.0000
2018-02-26,26.5400,26.6000,26.3460,26.5800,23.5513,27600,0.0000,1.0000
2018-02-23,26.1900,26.5790,26.1700,26.5000,23.4804,52700,0.0000,1.0000
2018-02-22,26.1600,26.3900,26.1400,26.1700,23.1880,82200,0.0000,1.0000
2018-02-21,26.1500,26.4407,26.1500,26.2480,23.2571,13300,0.0000,1.0000
2018-02-20,26.0600,26.2900,26.0600,26.2900,23.2944,16100,0.0000,1.0000
2018-02-16,26.0200,26.3300,26.0200,26.2100,23.2235,15500,0.0000,1.0000
2018-02-15,26.1500,26.3340,25.9100,26.0400,23.0728,19800,0.0000,1.0000
2018-02-14,26.2400,26.2400,25.9200,26.1080,23.1331,18400,0.0000,1.0000
2018-02-13,26.3000,26.6000,26.2422,26.2400,23.2501,16500,0.0000,1.0000
2018-02-12,26.4300,26.4300,26.1100,26.3100,23.3121,44600,0.0000,1.0000
2018-02-09,26.3400,26.4300,25.8200,26.4300,23.4184,36300,0.0000,1.0000
2018-02-08,26.5600,26.5600,25.9700,26.2100,23.2235,40000,0.0000,1.0000
2018-02-07,26.1200,26.6000,26.1200,26.3800,23.3741,34400,0.0000,1.0000
2018-02-06,25.8200,26.2800,25.8210,26.2800,23.2855,28200,0.0000,1.0000
2018-02-05,25.9400,26.2600,25.9050,26.0550,23.0861,37700,0.0000,1.0000
2018-02-02,26.0000,26.4300,25.7500,26.0700,23.0994,46800,0.0000,1.0000
2018-02-01,26.4800,26.8100,26.2300,26.2300,23.2412,20500,0.0000,1.0000
2018-01-31,26.2700,26.7912,26.1500,26.7200,23.6754,31400,0.0000,1.0000
2018-01-30,26.0100,26.4800,26.0000,26.4800,23.4627,37600,0.0000,1.0000
2018-01-29,26.5000,26.5000,26.1000,26.2700,23.2766,68700,0.0000,1.0000
2018-01-26,26.9500,26.9500,26.6200,26.6200,23.5868,49000,0.0000,1.0000
2018-01-25,27.0100,27.1100,26.6340,27.1100,24.0209,129000,0.0000,1.0000
2018-01-24,27.1400,27.2100,26.7000,27.1800,24.0829,32800,0.0000,1.0000
2018-01-23,26.7683,27.1800,26.5210,27.1800,24.0829,37700,0.0000,1.0000
2018-01-22,26.8600,27.0724,26.6100,26.9700,23.8969,30600,0.0000,1.0000
2018-01-19,26.8700,27.1500,26.4200,26.8300,23.7728,67000,0.0000,1.0000
2018-01-18,27.1100,27.1500,26.8800,26.9500,23.8792,20900,0.0000,1.0000
2018-01-17,27.0900,27.2200,27.0170,27.2200,24.1184,24700,0.0000,1.0000
2018-01-16,27.3000,27.3000,27.0400,27.1500,24.0564,30100,0.0000,1.0000
2018-01-12,27.2200,27.3000,27.0750,27.2400,24.1361,70200,0.0000,1.0000
2018-01-11,27.2200,27.3800,27.1370,27.3000,24.1893,37900,0.0000,1.0000
2018-01-10,27.2900,27.3860,27.1300,27.3500,24.2336,20700,0.0000,1.0000
2018-01-09,27.3100,27.4600,27.0985,27.4500,24.3222,32800,0.0000,1.0000
2018-01-08,27.3800,27.4500,27.1699,27.4010,24.2788,31100,0.0000,1.0000
2018-01-05,27.3700,27.4614,27.2300,27.2800,24.1716,64100,0.0000,1.0000
2018-01-04,27.3200,27.6000,27.3200,27.3760,24.2566,39100,0.0000,1.0000
2018-01-03,27.5000,27.7700,27.2900,27.4500,24.3222,54700,0.0000,1.0000
2018-01-02,28.0100,28.0100,27.2200,27.5000,24.3665,56300,0.0000,1.0000
2017-12-29,27.3500,28.2200,27.2400,28.1400,24.9336,90200,0.0000,1.0000
2017-12-28,27.5700,27.6500,27.3100,27.3300,24.2159,17700,0.3910,1.0000
2017-12-27,27.7400,27.9300,27.6685,27.8000,24.2859,13400,0.0000,1.0000
2017-12-26,27.9600,28.0100,27.7900,27.8400,24.3208,21800,0.0000,1.0000
2017-12-22,28.1600,28.6800,28.0030,28.0300,24.4868,13700,0.0000,1.0000
2017-12-21,28.0000,28.2626,27.9200,28.1400,24.5829,16100,0.0000,1.0000
2017-12-20,27.9300,28.1300,27.9300,28.0000,24.4606,29400,0.0000,1.0000
2017-12-19,28.2900,28.3200,28.0066,28.0900,24.5392,25400,0.0000,1.0000
2017-12-18,27.8800,28.3400,27.8800,28.3200,24.7401,19400,0.0000,1.0000
2017-12-15,28.0200,28.2900,27.9000,27.9100,24.3820,21400,0.0000,1.0000
2017-12-14,27.9300,28.5700,27.9300,28.0000,24.4606,10700,0.0000,1.0000
2017-12-13,28.1200,28.3590,27.8540,28.1000,24.5479,27600,0.0000,1.0000
2017-12-12,28.4500,28.4500,28.1470,28.2000,24.6353,19000,0.0000,1.0000
2017-12-11,28.3800,28.5600,28.1227,28.3100,24.7314,28100,0.0000,1.0000
2017-12-08,28.2100,28.6100,28.1300,28.5700,24.9585,18100,0.0000,1.0000
2017-12-07,28.1500,28.2700,28.1500,28.2700,24.6964,23200,0.0000,1.0000
2017-12-06,27.9200,28.2605,27.7600,28.2100,24.6440,77000,0.0000,1.0000
2017-12-05,28.0000,28.0000,27.7200,27.9400,24.4082,12500,0.0000,1.0000
2017-12-04,27.4700,27.9400,27.4700,27.9100,24.3820,168700,0.0000,1.0000
2017-12-01,27.5600,27.7500,27.5000,27.6700,24.1723,18300,0.0000,1.0000
2017-11-30,27.5800,27.9300,27.5100,27.5100,24.0325,28500,0.0000,1.0000
2017-11-29,27.6200,27.7910,27.3500,27.5700,24.0849,15900,0.0000,1.0000
2017-11-28,27.8100,27.9100,27.5900,27.6800,24.1810,16200,0.0000,1.0000
2017-11-27,27.6795,27.9400,27.6800,27.9170,24.3881,21900,0.0000,1.0000
2017-11-24,27.5400,27.9300,27.5050,27.7700,24.2596,17200,0.0000,1.0000
2017-11-22,27.4100,27.5400,27.4100,27.4400,23.9714,14400,0.0000,1.0000
2017-11-21,27.4600,27.5850,27.4106,27.4100,23.9452,19300,0.0000,1.0000
2017-11-20,27.4600,27.6500,27.3000,27.5600,24.0762,25700,0.0000,1.0000
2017-11-17,27.3600,27.6700,27.3300,27.4500,23.9801,33600,0.0000,1.0000
2017-11-16,27.2800,27.4900,27.2799,27.3700,23.9102,13900,0.0000,1.0000
2017-11-15,27.3800,27.5550,27.0700,27.2200,23.7792,18600,0.0000,1.0000
2017-11-14,27.4400,27.6650,27.2500,27.4500,23.9801,28100,0.0000,1.0000
2017-11-13,27.2000,27.5400,27.1520,27.4400,23.9714,29500,0.0000,1.0000
2017-11-10,27.5100,27.5100,27.1600,27.2100,23.7704,11400,0.0000,1.0000
2017-11-09,27.3200,27.5350,27.2500,27.4800,24.0063,31900,0.0000,1.0000
2017-11-08,27.3200,27.4900,27.2497,27.3200,23.8665,5200,0.0000,1.0000
2017-11-07,27.3900,27.3900,27.3900,27.3900,23.9277,12400,0.0000,1.0000
2017-11-06,27.5600,27.6620,27.2500,27.2800,23.8325,18300,0.0000,1.0000
2017-11-03,27.6400,27.6800,27.3320,27.6300,24.1373,5400,0.0000,1.0000
2017-11-02,27.5000,27.7400,27.1900,27.7200,24.2160,21400,0.0000,1.0000
2017-11-01,27.5900,27.7100,27.3500,27.5990,24.1103,7200,0.0000,1.0000
2017-10-31,27.5300,27.7600,27.3800,27.7600,24.2509,19600,0.0000,1.0000
2017-10-30,27.4400,27.4810,27.2790,27.4500,23.9801,10900,0.0000,1.0000
2017-10-27,27.2500,27.4800,27.2100,27.4700,23.9976,10700,0.0000,1.0000
2017-10-26,27.5800,27.5800,27.1700,27.3100,23.8578,9200,0.0000,1.0000
2017-10-25,27.3300,27.5590,27.0100,27.3900,23.9277,23800,0.0000,1.0000
2017-10-24,27.8600,27.8800,27.5200,27.6000,24.1111,26100,0.0000,1.0000
2017-10-23,27.6800,27.8500,27.5750,27.7750,24.2640,17000,0.0000,1.0000
2017-10-20,27.0100,27.7500,27.0000,27.7200,24.2160,55900,0.0000,1.0000
2017-10-19,27.1600,27.4350,27.0814,27.1100,23.6831,14500,0.0000,1.0000
2017-10-18,27.4000,27.8700,27.1800,27.3500,23.8927,23200,0.0000,1.0000
2017-10-17,27.3300,27.5465,27.2200,27.4100,23.9452,9700,0.0000,1.0000
2017-10-16,27.5508,27.5500,27.2100,27.3400,23.8840,11500,0.0000,1.0000
2017-10-13,27.3500,27.5500,27.3380,27.5500,24.0675,16200,0.0000,1.0000
2017-10-12,27.3900,27.5500,27.1100,27.2800,23.8316,43700,0.0000,1.0000
2017-10-11,27.2200,27.4590,27.1690,27.3800,23.9189,15900,0.0000,1.0000
2017-10-10,26.9500,27.4200,26.9500,27.2000,23.7617,22500,0.0000,1.0000
2017-10-09,26.8200,26.8200,26.8200,26.8200,23.4297,21900,0.0000,1.0000
2017-10-06,27.0800,27.3078,26.7610,27.0200,23.6045,47100,0.0000,1.0000
2017-10-05,27.3900,27.3901,27.1000,27.1300,23.7005,15900,0.0000,1.0000
2017-10-04,27.3000,27.3000,27.3000,27.3000,23.8491,16200,0.0000,1.0000
2017-10-03,27.2900,27.4600,27.2700,27.3300,23.8753,12900,0.0000,1.0000
2017-10-02,27.3600,27.4500,27.1000,27.3500,23.8927,36200,0.0000,1.0000
2017-09-29,27.5000,27.5000,27.1300,27.4200,23.9539,72300,0.0000,1.0000
2017-09-28,27.4400,27.5200,27.3500,27.4900,24.0150,18700,0.3910,1.0000
2017-09-27,28.0000,28.0000,27.6400,27.7900,23.9355,28000,0.0000,1.0000
2017-09-26,27.7800,28.0000,27.7800,28.0000,24.1164,14200,0.0000,1.0000
2017-09-25,27.6500,27.9200,27.6400,27.9200,24.0475,15700,0.0000,1.0000
2017-09-22,27.7500,27.8480,27.5500,27.6800,23.8408,49200,0.0000,1.0000
2017-09-21,27.7900,27.9070,27.7900,27.8300,23.9700,11500,0.0000,1.0000
2017-09-20,27.9400,27.9400,27.7511,27.7700,23.9183,15900,0.0000,1.0000
2017-09-19,27.9400,27.9400,27.7600,27.8800,24.0131,17100,0.0000,1.0000
2017-09-18,28.0000,28.0000,27.6900,27.8700,24.0044,6000,0.0000,1.0000
2017-09-15,27.7800,27.8800,27.6700,27.8500,23.9872,15500,0.0000,1.0000
2017-09-14,28.0000,28.0000,27.7500,27.7500,23.9011,26300,0.0000,1.0000
2017-09-13,27.7800,27.9800,27.7800,27.9800,24.0992,11000,0.0000,1.0000
2017-09-12,27.8500,27.9700,27.7400,27.7800,23.9269,6400,0.0000,1.0000
2017-09-11,27.8900,27.9300,27.6340,27.7200,23.8753,19900,0.0000,1.0000
2017-09-08,27.7512,27.9470,27.3900,27.6600,23.8236,44000,0.0000,1.0000
2017-09-07,27.8313,27.9600,27.3500,27.7900,23.9355,54000,0.0000,1.0000
2017-09-06,27.7900,27.9600,27.7100,27.7500,23.9011,36500,0.0000,1.0000
2017-09-05,27.6200,27.9300,27.5500,27.7000,23.8580,16900,0.0000,1.0000
2017-09-01,27.8500,27.9800,27.5500,27.6400,23.8063,13700,0.0000,1.0000
2017-08-31,27.6500,27.8500,27.4900,27.8500,23.9872,25100,0.0000,1.0000
2017-08-30,27.4000,27.6100,27.3608,27.6000,23.7719,49000,0.0000,1.0000
2017-08-29,27.4900,27.5350,27.3100,27.3100,23.5221,20600,0.0000,1.0000
2017-08-28,27.5400,27.6100,27.4700,27.5000,23.6858,11300,0.0000,1.0000
2017-08-25,27.4900,27.5500,27.4300,27.5500,23.7288,12600,0.0000,1.0000
2017-08-24,27.5000,27.6100,27.4296,27.4300,23.6255,10800,0.0000,1.0000
2017-08-23,27.4900,27.5000,27.4300,27.4500,23.6427,9000,0.0000,1.0000
2017-08-22,27.4600,27.6800,27.4100,27.4400,23.6341,238100,0.0000,1.0000
2017-08-21,27.6400,27.6400,27.4200,27.4200,23.6169,15300,0.0000,1.0000
2017-08-18,27.4300,27.6800,27.4300,27.4900,23.6772,49200,0.0000,1.0000
2017-08-17,27.6900,27.6900,27.4300,27.4500,23.6427,36000,0.0000,1.0000
2017-08-16,27.4600,27.7600,27.4600,27.6400,23.8063,38700,0.0000,1.0000
2017-08-15,27.5500,27.5500,27.2000,27.4100,23.6082,42800,0.0000,1.0000
2017-08-14,27.7000,27.7000,27.2440,27.5450,23.7245,46700,0.0000,1.0000
2017-08-11,27.5900,27.5900,27.0900,27.1400,23.3757,24400,0.0000,1.0000
2017-08-10,27.6400,27.7100,27.0300,27.3900,23.5910,21700,0.0000,1.0000
2017-08-09,27.8500,27.8500,27.6100,27.7100,23.8666,27400,0.0000,1.0000
2017-08-08,27.7900,27.8350,27.7500,27.7800,23.9269,21400,0.0000,1.0000
2017-08-07,27.6500,27.9350,27.5200,27.6800,23.8408,28500,0.0000,1.0000
2017-08-04,27.8000,27.8000,27.8000,27.8000,23.9442,9100,0.0000,1.0000
2017-08-03,27.9700,28.0600,27.7700,27.9500,24.0734,35600,0.0000,1.0000
2017-08-02,28.1200,28.2400,27.8700,27.8700,24.0044,30200,0.0000,1.0000
2017-08-01,28.1800,28.2300,28.0800,28.2200,24.3059,25400,0.0000,1.0000
2017-07-31,28.0200,28.2400,27.9810,28.0700,24.1767,17100,0.0000,1.0000
2017-07-28,28.0681,28.2100,27.7600,28.1000,24.2025,15400,0.0000,1.0000
2017-07-27,27.7400,28.1800,27.7400,27.8900,24.0217,17500,0.0000,1.0000
2017-07-26,27.7500,27.9500,27.6600,27.8100,23.9528,17900,0.0000,1.0000
2017-07-25,27.9200,27.9720,27.5700,27.8800,24.0131,29100,0.0000,1.0000
2017-07-24,28.0000,28.1400,27.8200,28.0900,24.1939,35000,0.0000,1.0000
2017-07-21,28.1000,28.2100,27.8510,28.2100,24.2973,54700,0.0000,1.0000
2017-07-20,28.1100,28.1300,27.7800,28.0000,24.1164,31800,0.0000,1.0000
2017-07-19,27.8000,28.0705,27.8000,28.0000,24.1164,18600,0.0000,1.0000
2017-07-18,27.6200,27.9150,27.6200,27.7900,23.9355,32700,0.0000,1.0000
2017-07-17,28.0600,28.1059,27.6400,27.6500,23.8150,29600,0.0000,1.0000
2017-07-14,27.8384,28.0860,27.7220,27.8700,24.0044,28000,0.0000,1.0000
2017-07-13,28.0200,28.0200,27.5900,27.6800,23.8408,34000,0.0000,1.0000
2017-07-12,27.5800,28.0500,27.5800,27.9300,24.0561,29500,0.0000,1.0000
2017-07-11,27.8000,27.9700,27.6100,27.7700,23.9183,29900,0.0000,1.0000
2017-07-10,27.8000,28.1900,27.3900,28.0200,24.1336,18000,0.0000,1.0000
2017-07-07,27.3000,27.8460,27.1800,27.6500,23.8150,57200,0.0000,1.0000
2017-07-06,27.4800,27.8800,27.2860,27.5900,23.7633,29200,0.0000,1.0000
2017-07-05,27.3000,27.5898,27.3000,27.4400,23.6341,10800,0.0000,1.0000
2017-07-03,27.3000,27.4700,27.1400,27.4000,23.5996,12400,0.0000,1.0000
2017-06-30,27.2400,27.5100,27.1200,27.4700,23.6599,41500,0.0000,1.0000
2017-06-29,27.7400,27.9090,27.0200,27.1100,23.3499,62300,0.0000,1.0000
2017-06-28,27.9800,27.9900,27.5500,27.7100,23.8666,38400,0.3910,1.0000
2017-06-27,28.3500,28.3500,28.0102,28.1700,23.9261,58100,0.0000,1.0000
2017-06-26,28.1900,28.3900,28.1300,28.1400,23.9006,21200,0.0000,1.0000
2017-06-23,27.9400,28.1900,27.9400,28.0300,23.8072,16600,0.0000,1.0000
2017-06-22,27.8400,27.9200,27.7000,27.9000,23.6967,18900,0.0000,1.0000
2017-06-21,27.5700,27.7100,27.5270,27.7000,23.5269,41300,0.0000,1.0000
2017-06-20,27.5000,27.6380,27.3110,27.5000,23.3570,29600,0.0000,1.0000
2017-06-19,27.3500,27.4900,27.2200,27.4800,23.3400,17500,0.0000,1.0000
2017-06-16,27.0500,27.4200,27.0200,27.4000,23.2721,53700,0.0000,1.0000
2017-06-15,27.0100,27.1310,26.9600,27.1000,23.0173,15900,0.0000,1.0000
2017-06-14,27.0600,27.1300,26.9400,27.0900,23.0088,49500,0.0000,1.0000
2017-06-13,27.0509,27.0500,26.8500,27.0000,22.9323,10100,0.0000,1.0000
2017-06-12,26.9100,27.0500,26.7600,27.0000,22.9323,31800,0.0000,1.0000
2017-06-09,26.9700,27.0680,26.9000,26.9000,22.8474,14400,0.0000,1.0000
2017-06-08,27.2000,27.2000,26.9500,27.0400,22.9663,21500,0.0000,1.0000
2017-06-07,27.1300,27.2310,27.0500,27.1900,23.0937,19900,0.0000,1.0000
2017-06-06,27.1000,27.2300,27.1000,27.1600,23.0682,14000,0.0000,1.0000
2017-06-05,27.2400,27.2740,27.1300,27.1310,23.0436,9600,0.0000,1.0000
2017-06-02,27.2000,27.3300,27.1420,27.2400,23.1362,20000,0.0000,1.0000
2017-06-01,27.1600,27.2000,27.0510,27.1400,23.0512,16400,0.0000,1.0000
2017-05-31,27.0800,27.1692,26.9800,27.1000,23.0173,22800,0.0000,1.0000
2017-05-30,26.8800,27.1000,26.8800,26.9900,22.9238,13500,0.0000,1.0000
2017-05-26,27.3100,27.3300,26.7800,26.7900,22.7540,51200,0.0000,1.0000
2017-05-25,27.5000,27.5000,27.2800,27.3000,23.1871,24100,0.0000,1.0000
2017-05-24,27.7511,27.7500,27.4200,27.4200,23.2891,18300,0.0000,1.0000
2017-05-23,27.5600,27.7000,27.4500,27.6900,23.5184,20100,0.0000,1.0000
2017-05-22,27.4500,27.4900,27.2600,27.4900,23.3485,20500,0.0000,1.0000
2017-05-19,27.2496,27.4400,27.2000,27.2800,23.1702,16900,0.0000,1.0000
2017-05-18,27.5000,27.5024,27.2500,27.2600,23.1532,24200,0.0000,1.0000
2017-05-17,27.3700,27.5800,27.2910,27.4100,23.2806,16800,0.0000,1.0000
2017-05-16,27.4800,27.5050,27.2900,27.4300,23.2976,17700,0.0000,1.0000
2017-05-15,27.6400,27.6800,27.4000,27.4900,23.3485,12800,0.0000,1.0000
2017-05-12,27.2400,27.6000,27.2400,27.4800,23.3400,14300,0.0000,1.0000
2017-05-11,27.4400,27.6500,27.2300,27.3500,23.2296,26500,0.0000,1.0000
2017-05-10,27.4000,27.6500,27.2400,27.4300,23.2976,16300,0.0000,1.0000
2017-05-09,27.5200,27.6400,27.2500,27.3800,23.2551,40200,0.0000,1.0000
2017-05-08,27.4300,27.6800,27.2900,27.3900,23.2636,41800,0.0000,1.0000
2017-05-05,27.5700,27.7300,27.2500,27.4400,23.3060,21100,0.0000,1.0000
2017-05-04,27.7500,27.7483,27.2900,27.4600,23.3230,24900,0.0000,1.0000
2017-05-03,27.2500,27.4900,27.1100,27.4900,23.3485,54500,0.0000,1.0000
2017-05-02,27.2500,27.3900,27.1800,27.3900,23.2636,31400,0.0000,1.0000
2017-05-01,27.3000,27.4298,27.1500,27.3000,23.1871,31500,0.0000,1.0000
2017-04-28,27.2100,27.3300,27.0753,27.1000,23.0173,15500,0.0000,1.0000
2017-04-27,27.2000,27.2250,26.9200,27.2000,23.1022,27000,0.0000,1.0000
2017-04-26,27.3400,27.4550,26.9300,26.9600,22.8984,32500,0.0000,1.0000
2017-04-25,27.3500,27.4800,27.1000,27.1500,23.0597,50300,0.0000,1.0000
2017-04-24,27.4900,27.4900,26.9300,27.2500,23.1447,46000,0.0000,1.0000
2017-04-21,26.6000,26.9400,26.4770,26.9100,22.8559,98900,0.0000,1.0000
2017-04-20,26.4200,26.7000,26.3750,26.5900,22.5841,115700,0.0000,1.0000
2017-04-19,26.4000,26.4700,26.2740,26.4050,22.4270,25800,0.0000,1.0000
2017-04-18,26.3206,26.4000,26.2700,26.3800,22.4057,35300,0.0000,1.0000
2017-04-17,26.3700,26.4778,26.3000,26.3900,22.4142,28100,0.0000,1.0000
2017-04-13,26.2900,26.3200,26.0500,26.3100,22.3463,32200,0.0000,1.0000
2017-04-12,26.1200,26.2800,26.1200,26.2500,22.2953,32500,0.0000,1.0000
2017-04-11,26.1700,26.2600,26.1200,26.2300,22.2783,22300,0.0000,1.0000
2017-04-10,26.2000,26.3200,26.1900,26.2500,22.2953,45200,0.0000,1.0000
2017-04-07,26.2000,26.2700,26.1600,26.2300,22.2783,26900,0.0000,1.0000
2017-04-06,26.0600,26.1800,26.0000,26.1600,22.2189,61900,0.0000,1.0000
2017-04-05,26.0800,26.1900,25.9700,26.0000,22.0830,71000,0.0000,1.0000
2017-04-04,26.1100,26.1400,25.9700,26.0300,22.1085,58500,0.0000,1.0000
2017-04-03,25.9600,26.1300,25.8990,26.0500,22.1255,197700,0.0000,1.0000
2017-03-31,25.9300,25.9500,25.8520,25.9200,22.0150,135200,0.0000,1.0000
2017-03-30,25.9200,25.9650,25.8000,25.8800,21.9811,66300,0.0000,1.0000
2017-03-29,26.1300,26.2930,25.8850,25.9700,22.0575,51100,0.3910,1.0000
2017-03-28,26.4500,26.7220,26.3100,26.4300,22.1161,20600,0.0000,1.0000
2017-03-27,26.6000,26.8900,26.3200,26.3900,22.0826,42500,0.0000,1.0000
2017-03-24,26.5400,26.7900,26.5403,26.7400,22.3755,16500,0.0000,1.0000
2017-03-23,26.8300,26.9100,26.6500,26.6800,22.3253,37200,0.0000,1.0000
2017-03-22,26.3800,26.7000,26.3600,26.5400,22.2082,37800,0.0000,1.0000
2017-03-21,26.5500,26.5500,26.3050,26.4800,22.1580,15000,0.0000,1.0000
2017-03-20,26.3000,26.5350,26.2800,26.4500,22.1328,17200,0.0000,1.0000
2017-03-17,26.4300,26.4400,26.1750,26.4400,22.1245,93200,0.0000,1.0000
2017-03-16,26.4400,26.4400,26.1500,26.4000,22.0910,35100,0.0000,1.0000
2017-03-15,25.9783,26.3400,25.9000,26.3400,22.0408,52900,0.0000,1.0000
2017-03-14,25.9400,26.1500,25.8001,26.1000,21.8400,76800,0.0000,1.0000
2017-03-13,25.9500,26.0500,25.8000,25.8500,21.6308,410900,0.0000,1.0000
2017-03-10,25.8700,25.9500,25.5450,25.9500,21.7145,36200,0.0000,1.0000
2017-03-09,25.8400,25.8800,25.4300,25.7700,21.5638,55500,0.0000,1.0000
2017-03-08,26.2100,26.3900,25.8200,25.9300,21.6977,43400,0.0000,1.0000
2017-03-07,26.5200,26.6200,26.2700,26.3300,22.0324,22200,0.0000,1.0000
2017-03-06,26.5000,26.6570,26.4500,26.5900,22.2500,17700,0.0000,1.0000
2017-03-03,26.5200,26.6940,26.2960,26.6500,22.3002,16000,0.0000,1.0000
2017-03-02,26.5400,26.6370,26.3100,26.5600,22.2249,24100,0.0000,1.0000
2017-03-01,26.5800,26.6760,26.2200,26.4200,22.1077,36600,0.0000,1.0000
2017-02-28,26.5400,26.7800,26.4390,26.6100,22.2667,32300,0.0000,1.0000
2017-02-27,26.7800,26.8300,26.5100,26.7400,22.3755,26700,0.0000,1.0000
2017-02-24,26.7100,26.8400,26.6200,26.6700,22.3169,23100,0.0000,1.0000
2017-02-23,26.8400,26.9430,26.5900,26.6700,22.3169,34000,0.0000,1.0000
2017-02-22,27.0400,27.2000,26.5500,26.8000,22.4257,43300,0.0000,1.0000
2017-02-21,26.9400,27.0570,26.7150,26.8600,22.4759,34600,0.0000,1.0000
2017-02-17,26.8400,26.8700,26.5900,26.8300,22.4508,54900,0.0000,1.0000
2017-02-16,26.6300,26.8490,26.6100,26.7800,22.4090,34300,0.0000,1.0000
2017-02-15,26.5200,26.7200,26.5200,26.7000,22.3420,33200,0.0000,1.0000
2017-02-14,26.6100,26.6113,26.2590,26.5450,22.2123,30700,0.0000,1.0000
2017-02-13,26.7500,26.7500,26.3000,26.4400,22.1245,20200,0.0000,1.0000
2017-02-10,26.2500,26.7400,26.0900,26.7300,22.3671,104300,0.0000,1.0000
2017-02-09,26.2805,26.3500,25.9480,26.2900,21.9990,40500,0.0000,1.0000
2017-02-08,26.3800,26.3800,26.2100,26.2900,21.9990,45800,0.0000,1.0000
2017-02-07,26.3200,26.4000,26.2300,26.3100,22.0157,17200,0.0000,1.0000
2017-02-06,26.4000,26.4580,26.2400,26.3100,22.0157,20000,0.0000,1.0000
2017-02-03,26.2588,26.5300,26.2000,26.2900,21.9990,35900,0.0000,1.0000
2017-02-02,25.9700,26.3010,25.9300,26.1700,21.8986,42900,0.0000,1.0000
2017-02-01,25.9100,26.0200,25.7800,25.9800,21.7396,24800,0.0000,1.0000
2017-01-31,25.8900,25.9760,25.8430,25.8600,21.6391,31300,0.0000,1.0000
2017-01-30,25.9500,25.9800,25.6600,25.8100,21.5973,19300,0.0000,1.0000
2017-01-27,25.9000,25.9124,25.6410,25.9100,21.6810,24200,0.0000,1.0000
2017-01-26,26.2200,26.5500,25.7600,25.9200,21.6894,46200,0.0000,1.0000
2017-01-25,26.6500,26.8690,25.7700,26.0500,21.7981,24800,0.0000,1.0000
2017-01-24,26.8000,27.0300,26.3910,26.5600,22.2249,30000,0.0000,1.0000
2017-01-23,26.3500,26.9400,26.2900,26.8100,22.4341,35000,0.0000,1.0000
2017-01-20,25.8600,26.2400,25.5800,26.2400,21.9571,36600,0.0000,1.0000
2017-01-19,26.2300,26.2300,25.5700,25.8600,21.6391,46000,0.0000,1.0000
2017-01-18,26.1800,26.3000,25.9400,26.1400,21.8734,23500,0.0000,1.0000
2017-01-17,26.1400,26.2700,26.0500,26.1000,21.8400,36500,0.0000,1.0000
2017-01-13,26.2500,26.2502,25.9500,26.1000,21.8400,51400,0.0000,1.0000
2017-01-12,26.2000,26.2500,26.0010,26.1400,21.8734,27400,0.0000,1.0000
2017-01-11,25.9600,26.2110,25.8000,26.2000,21.9237,35100,0.0000,1.0000
2017-01-10,25.8697,26.1000,25.8400,25.9800,21.7396,25500,0.0000,1.0000
2017-01-09,26.0800,26.2000,25.7200,25.8900,21.6643,26900,0.0000,1.0000
2017-01-06,25.9600,26.3500,25.8110,25.9300,21.6977,33500,0.0000,1.0000
2017-01-05,25.9500,26.1200,25.6500,25.9700,21.7312,31300,0.0000,1.0000
2017-01-04,25.5100,25.8600,25.4700,25.8300,21.6140,29700,0.0000,1.0000
2017-01-03,25.5200,25.6000,25.3200,25.4200,21.2710,51400,0.0000,1.0000
2016-12-30,25.5500,25.5700,25.2900,25.3000,21.1706,35800,0.0000,1.0000
2016-12-29,25.9000,25.9000,25.4200,25.5000,21.3379,45100,0.0000,1.0000
2016-12-28,25.6700,26.2500,25.0800,25.8900,21.6643,46900,0.3910,1.0000
2016-12-27,25.7900,25.8660,25.5820,25.8600,21.3120,360900,0.0000,1.0000
2016-12-23,25.8300,25.8300,25.5840,25.7900,21.2543,29100,0.0000,1.0000
2016-12-22,25.6688,25.8190,25.5880,25.7600,21.2296,47300,0.0000,1.0000
2016-12-21,25.2900,25.7370,25.2900,25.5300,21.0400,45400,0.0000,1.0000
2016-12-20,25.2100,25.3400,25.2100,25.3200,20.8669,83800,0.0000,1.0000
2016-12-19,25.3000,25.3100,25.1300,25.2500,20.8092,56500,0.0000,1.0000
2016-12-16,25.1500,25.2800,25.0700,25.1200,20.7021,42400,0.0000,1.0000
2016-12-15,25.0100,25.2110,25.0000,25.0700,20.6609,107500,0.0000,1.0000
2016-12-14,25.0800,25.2200,25.0100,25.0300,20.6279,93200,0.0000,1.0000
2016-12-13,25.4000,25.4404,25.0900,25.1100,20.6939,48300,0.0000,1.0000
2016-12-12,25.4997,25.6900,25.1700,25.2500,20.8092,103100,0.0000,1.0000
2016-12-09,25.3900,25.7500,25.2256,25.5300,21.0400,34900,0.0000,1.0000
2016-12-08,25.4600,25.8630,25.1100,25.3300,20.8752,37100,0.0000,1.0000
2016-12-07,25.4000,25.6100,25.2600,25.5200,21.0318,29800,0.0000,1.0000
2016-12-06,25.2900,25.6100,25.1000,25.4200,20.9493,30500,0.0000,1.0000
2016-12-05,25.0000,25.6130,25.0007,25.1000,20.6856,52300,0.0000,1.0000
2016-12-02,25.2700,25.4600,25.0100,25.0800,20.6691,280700,0.0000,1.0000
2016-12-01,25.3500,25.3500,24.8100,25.0100,20.6115,66000,0.0000,1.0000
2016-11-30,25.4400,25.6200,25.0100,25.2500,20.8092,74700,0.0000,1.0000
2016-11-29,25.6800,25.7410,25.2700,25.4700,20.9906,125700,0.0000,1.0000
2016-11-28,26.3013,26.3610,25.6200,25.7100,21.1884,56800,0.0000,1.0000
2016-11-25,26.1500,26.3902,26.0320,26.1300,21.5345,10100,0.0000,1.0000
2016-11-23,26.1621,26.2070,25.9720,26.1200,21.5262,40100,0.0000,1.0000
2016-11-22,26.0200,26.3000,26.0100,26.1900,21.5839,53000,0.0000,1.0000
2016-11-21,26.3200,26.4510,25.8900,25.9800,21.4109,1004300,0.0000,1.0000
2016-11-18,26.4500,26.6500,25.8200,26.0400,21.4603,40300,0.0000,1.0000
2016-11-17,26.3800,26.6400,26.2000,26.4300,21.7817,443300,0.0000,1.0000
2016-11-16,26.0100,26.5200,25.7500,26.4700,21.8147,50000,0.0000,1.0000
2016-11-15,25.5800,25.8510,25.1700,25.6700,21.1554,54000,0.0000,1.0000
2016-11-14,26.3400,26.3400,25.1300,25.5400,21.0482,285000,0.0000,1.0000
2016-11-11,26.2000,26.8000,26.0600,26.4000,21.7570,135100,0.0000,1.0000
2016-11-10,26.3600,26.4800,26.0100,26.3600,21.7240,210000,0.0000,1.0000
2016-11-09,26.9000,26.9300,26.0600,26.3400,21.7076,88400,0.0000,1.0000
2016-11-08,26.7700,27.1450,26.5593,26.8400,22.1196,36200,0.0000,1.0000
2016-11-07,27.1200,27.4400,26.4290,26.6200,21.9383,18700,0.0000,1.0000
2016-11-04,26.7700,26.9200,26.6200,26.8800,22.1526,32500,0.0000,1.0000
2016-11-03,26.4200,26.7400,26.2527,26.5700,21.8971,19400,0.0000,1.0000
2016-11-02,26.8500,26.8500,26.0860,26.3600,21.7240,21700,0.0000,1.0000
2016-11-01,26.9400,26.9480,26.1100,26.4200,21.7735,31300,0.0000,1.0000
2016-10-31,27.1400,27.1400,26.7100,26.7600,22.0537,24200,0.0000,1.0000
2016-10-28,27.3900,27.5300,26.8600,26.8900,22.1608,25900,0.0000,1.0000
2016-10-27,27.4700,27.4700,26.5610,27.1500,22.3751,27400,0.0000,1.0000
2016-10-26,28.5500,28.5500,26.8100,27.1800,22.3998,43400,0.0000,1.0000
2016-10-25,27.6600,27.7950,27.4274,27.5600,22.7130,601300,0.0000,1.0000
2016-10-24,28.0000,28.0000,27.4970,27.6800,22.8119,21400,0.0000,1.0000
2016-10-21,27.7901,27.9200,27.7350,27.8400,22.9437,62600,0.0000,1.0000
2016-10-20,27.5500,28.0000,27.2600,27.6200,22.7624,32300,0.0000,1.0000
2016-10-19,27.4500,28.0500,27.2600,27.4000,22.5811,33900,0.0000,1.0000
2016-10-18,27.4400,27.7000,26.9400,27.3700,22.5564,95100,0.0000,1.0000
2016-10-17,27.9800,27.9800,27.0500,27.2600,22.4657,41600,0.0000,1.0000
2016-10-14,27.0000,27.7520,26.5900,27.1100,22.3421,63800,0.0000,1.0000
2016-10-13,26.3800,27.0000,26.1300,26.7530,22.0479,32800,0.0000,1.0000
2016-10-12,26.4000,26.7900,25.9310,26.4200,21.7735,40300,0.0000,1.0000
2016-10-11,26.7500,26.7800,26.1600,26.2800,21.6581,56600,0.0000,1.0000
2016-10-10,27.1700,27.1700,26.4200,26.6500,21.9630,36400,0.0000,1.0000
2016-10-07,27.2802,27.3700,26.9010,27.0100,22.2597,33600,0.0000,1.0000
2016-10-06,27.2300,27.3700,27.0479,27.2200,22.4328,30000,0.0000,1.0000
2016-10-05,27.5000,27.5378,27.1400,27.1700,22.3916,51600,0.0000,1.0000
2016-10-04,27.9000,27.9200,27.3300,27.4100,22.5894,39800,0.0000,1.0000
2016-10-03,27.7500,27.9500,27.5600,27.9200,23.0097,27900,0.0000,1.0000
2016-09-30,27.8000,28.0600,27.5300,27.5400,22.6965,688500,0.0000,1.0000
2016-09-29,28.0400,28.1000,27.5000,27.5100,22.6718,32600,0.0000,1.0000
2016-09-28,28.1900,28.1900,27.6450,27.9400,23.0262,61600,0.3910,1.0000
2016-09-27,28.3400,28.5200,27.9992,28.2100,22.9264,94600,0.0000,1.0000
2016-09-26,28.4000,28.4000,27.8200,28.3400,23.0321,43900,0.0000,1.0000
2016-09-23,28.2000,28.4000,27.9100,28.3300,23.0240,87500,0.0000,1.0000
2016-09-22,27.5781,28.1200,27.5000,28.0700,22.8127,283800,0.0000,1.0000
2016-09-21,27.4000,27.4500,27.1610,27.4400,22.3007,38400,0.0000,1.0000
2016-09-20,27.5000,27.5000,27.0700,27.1900,22.0975,74900,0.0000,1.0000
2016-09-19,27.4300,27.4650,27.0890,27.2700,22.1625,50900,0.0000,1.0000
2016-09-16,27.3501,27.5000,27.0000,27.0000,21.9431,37800,0.0000,1.0000
2016-09-15,27.4900,27.4900,27.1100,27.2100,22.1137,53200,0.0000,1.0000
2016-09-14,27.6300,27.6300,27.0300,27.3400,22.2194,57000,0.0000,1.0000
2016-09-13,27.7400,27.7450,27.2800,27.4800,22.3332,86900,0.0000,1.0000
2016-09-12,27.7500,27.7500,27.1190,27.6700,22.4876,58400,0.0000,1.0000
2016-09-09,28.0700,28.0700,27.1000,27.2000,22.1056,555500,0.0000,1.0000
2016-09-08,27.8100,28.0800,27.6500,27.9200,22.6908,49600,0.0000,1.0000
2016-09-07,27.7300,27.8400,27.6000,27.8000,22.5932,45300,0.0000,1.0000
2016-09-06,27.7700,27.7900,27.5100,27.5300,22.3738,67300,0.0000,1.0000
2016-09-02,27.8100,27.8410,27.5700,27.6400,22.4632,157700,0.0000,1.0000
2016-09-01,27.8700,27.8700,27.5200,27.7100,22.5201,62900,0.0000,1.0000
2016-08-31,27.9000,28.1200,27.7500,27.7800,22.5770,40000,0.0000,1.0000
2016-08-30,27.9800,28.0500,27.7500,27.9100,22.6826,69500,0.0000,1.0000
2016-08-29,28.1500,28.1800,27.7500,27.9100,22.6826,51900,0.0000,1.0000
2016-08-26,28.2100,28.2402,27.7800,28.1300,22.8614,53500,0.0000,1.0000
2016-08-25,28.0500,28.1000,27.8900,28.0700,22.8127,43500,0.0000,1.0000
2016-08-24,28.0500,28.1360,27.7500,27.9500,22.7151,48700,0.0000,1.0000
2016-08-23,27.7400,27.8430,27.7300,27.8400,22.6257,30200,0.0000,1.0000
2016-08-22,27.7008,27.7900,27.5600,27.7200,22.5282,59300,0.0000,1.0000
2016-08-19,27.6500,27.8500,27.6000,27.7500,22.5526,241300,0.0000,1.0000
2016-08-18,27.6909,27.7300,27.5400,27.6200,22.4469,43500,0.0000,1.0000
2016-08-17,27.6900,27.7200,27.4600,27.6400,22.4632,59300,0.0000,1.0000
2016-08-16,27.4500,27.6500,27.3410,27.6100,22.4388,94200,0.0000,1.0000
2016-08-15,27.3300,27.5100,27.3200,27.3800,22.2519,62500,0.0000,1.0000
2016-08-12,27.3300,27.3301,27.1600,27.2900,22.1787,97300,0.0000,1.0000
2016-08-11,27.3300,27.4200,27.1791,27.3100,22.1950,90900,0.0000,1.0000
2016-08-10,27.3200,27.3200,27.1500,27.3100,22.1950,61000,0.0000,1.0000
2016-08-09,27.4200,27.4700,27.2100,27.3200,22.2031,76200,0.0000,1.0000
2016-08-08,27.3500,27.4200,27.2800,27.3200,22.2031,93300,0.0000,1.0000
2016-08-05,27.4500,27.5800,27.2500,27.3200,22.2031,81800,0.0000,1.0000
2016-08-04,27.4500,27.5700,27.2500,27.3800,22.2519,83100,0.0000,1.0000
2016-08-03,27.5980,27.6000,27.4000,27.4600,22.3169,68800,0.0000,1.0000
2016-08-02,27.8000,27.8000,27.5000,27.7000,22.5120,43900,0.0000,1.0000
2016-08-01,27.9400,27.9700,27.6500,27.7700,22.5688,40400,0.0000,1.0000
2016-07-29,27.7400,27.8590,27.6100,27.7100,22.5201,50800,0.0000,1.0000
2016-07-28,27.6600,27.7300,27.4700,27.7000,22.5120,52600,0.0000,1.0000
2016-07-27,27.6300,27.6400,27.4750,27.5800,22.4144,60600,0.0000,1.0000
2016-07-26,27.5200,27.5400,27.3900,27.5400,22.3819,76800,0.0000,1.0000
2016-07-25,27.3900,27.4900,27.3200,27.4800,22.3332,45600,0.0000,1.0000
2016-07-22,27.4400,27.4400,27.2600,27.3300,22.2113,45700,0.0000,1.0000
2016-07-21,27.4000,27.4500,27.2600,27.3700,22.2438,60400,0.0000,1.0000
2016-07-20,27.1700,27.3100,27.0988,27.3100,22.1950,41700,0.0000,1.0000
2016-07-19,27.0900,27.1816,26.9800,27.0800,22.0081,76300,0.0000,1.0000
2016-07-18,27.3000,27.4105,26.8100,26.9400,21.8943,96900,0.0000,1.0000
2016-07-15,28.9700,28.9684,26.8700,27.2400,22.1381,522200,0.0000,1.0000
2016-07-14,28.2500,28.4000,28.1100,28.3300,23.0240,273800,0.0000,1.0000
2016-07-13,28.2030,28.2500,28.0400,28.1600,22.8858,159100,0.0000,1.0000
2016-07-12,28.1000,28.2500,28.0200,28.1400,22.8695,167200,0.0000,1.0000
2016-07-11,28.2500,28.4700,27.9100,28.1900,22.9102,326600,0.0000,1.0000
2016-07-08,28.0500,28.1500,27.8900,28.0000,22.7558,138400,0.0000,1.0000
2016-07-07,27.7200,28.1500,27.4600,27.8800,22.6582,286600,0.0000,1.0000
2016-07-06,28.0000,28.1500,27.3400,27.7150,22.5241,198600,0.0000,1.0000
2016-07-05,27.6994,28.4900,27.0300,27.9500,22.7151,292700,0.0000,1.0000
2016-07-01,27.0900,27.7500,27.0800,27.7100,22.5201,172300,0.0000,1.0000
2016-06-30,26.9500,27.0100,26.6800,26.9250,21.8821,111800,0.0000,1.0000
2016-06-29,27.1100,27.3500,26.8500,26.8600,21.8293,93000,0.4950,1.0000
2016-06-28,27.2000,27.5000,27.0400,27.1500,21.6627,81900,0.0000,1.0000
2016-06-27,26.7500,27.0920,26.3800,27.0400,21.5749,93900,0.0000,1.0000
2016-06-24,26.5600,26.8300,26.4500,26.7500,21.3435,89400,0.0000,1.0000
2016-06-23,26.6300,26.8500,26.6300,26.8500,21.4233,69500,0.0000,1.0000
2016-06-22,26.6400,26.7500,26.5404,26.7300,21.3276,95300,0.0000,1.0000
2016-06-21,26.6100,26.6800,26.5310,26.5500,21.1839,105300,0.0000,1.0000
2016-06-20,26.7300,26.7300,26.5000,26.5700,21.1999,95700,0.0000,1.0000
2016-06-17,26.7300,26.7300,26.4800,26.6000,21.2238,65300,0.0000,1.0000
2016-06-16,27.0000,27.0000,26.4800,26.5500,21.1839,168300,0.0000,1.0000
2016-06-15,27.0900,27.3930,26.6310,26.8500,21.4233,86600,0.0000,1.0000
2016-06-14,26.5000,26.9700,26.3670,26.9000,21.4632,91800,0.0000,1.0000
2016-06-13,26.6500,26.6500,26.3700,26.3700,21.0403,78700,0.0000,1.0000
2016-06-10,26.4600,26.7000,26.3400,26.6500,21.2637,82200,0.0000,1.0000
2016-06-09,26.5000,26.5000,26.2900,26.3820,21.0499,54900,0.0000,1.0000
2016-06-08,26.3500,26.4800,26.2200,26.4300,21.0882,656200,0.0000,1.0000
2016-06-07,26.2900,26.3400,26.2003,26.2700,20.9605,708600,0.0000,1.0000
2016-06-06,26.3000,26.3592,26.2200,26.2300,20.9286,485600,0.0000,1.0000
2016-06-03,26.2000,26.2900,26.2000,26.2800,20.9685,69900,0.0000,1.0000
2016-06-02,26.2500,26.4900,26.1450,26.1800,20.8887,890500,0.0000,1.0000
2016-06-01,26.2800,26.3000,26.1100,26.2500,20.9446,129000,0.0000,1.0000
2016-05-31,26.2500,26.2500,26.1100,26.2500,20.9446,84700,0.0000,1.0000
2016-05-27,26.1000,26.2500,26.0200,26.2500,20.9446,66000,0.0000,1.0000
2016-05-26,26.0500,26.1400,26.0160,26.0500,20.7850,152500,0.0000,1.0000
2016-05-25,26.0500,26.1400,25.9600,26.0000,20.7451,107800,0.0000,1.0000
2016-05-24,26.0000,26.1415,25.8600,25.9800,20.7291,125200,0.0000,1.0000
2016-05-23,26.0495,26.1500,25.9280,26.0000,20.7451,132000,0.0000,1.0000
2016-05-20,26.1700,26.1700,25.8600,25.9000,20.6653,115400,0.0000,1.0000
2016-05-19,26.1800,26.2200,25.6590,25.9800,20.7291,143500,0.0000,1.0000
2016-05-18,26.3000,26.3006,26.0800,26.1800,20.8887,160400,0.0000,1.0000
2016-05-17,26.2400,26.2400,26.1100,26.2300,20.9286,67100,0.0000,1.0000
2016-05-16,26.2400,26.2400,26.0500,26.1800,20.8887,97600,0.0000,1.0000
2016-05-13,26.1800,26.2500,26.1200,26.1200,20.8409,100600,0.0000,1.0000
2016-05-12,26.3000,26.3000,26.1000,26.1400,20.8568,190100,0.0000,1.0000
2016-05-11,26.2000,26.2000,26.0700,26.1300,20.8488,82800,0.0000,1.0000
2016-05-10,26.1980,26.2400,26.0600,26.1700,20.8807,70000,0.0000,1.0000
2016-05-09,26.2400,26.2400,26.0500,26.0900,20.8169,55000,0.0000,1.0000
2016-05-06,26.3000,26.3000,25.9500,26.1700,20.8807,166000,0.0000,1.0000
2016-05-05,26.1000,26.2000,26.0000,26.0800,20.8089,662500,0.0000,1.0000
2016-05-04,26.0000,26.2000,25.9000,26.0100,20.7531,142300,0.0000,1.0000
2016-05-03,26.0000,26.0000,25.8009,25.9500,20.7052,147800,0.0000,1.0000
2016-05-02,26.2000,26.3480,25.9300,26.0200,20.7611,84200,0.0000,1.0000
2016-04-29,26.0000,26.3900,25.8750,26.3300,21.0084,233800,0.0000,1.0000
2016-04-28,25.7500,25.9500,25.7016,25.9400,20.6972,128200,0.0000,1.0000
2016-04-27,25.7400,25.9000,25.5800,25.8400,20.6174,176100,0.0000,1.0000
2016-04-26,25.7500,25.7500,25.5820,25.6700,20.4818,106200,0.0000,1.0000
2016-04-25,25.7000,25.7500,25.5000,25.7400,20.5377,94800,0.0000,1.0000
2016-04-22,25.6400,25.7477,25.6400,25.7000,20.5057,87200,0.0000,1.0000
2016-04-21,25.7400,25.7500,25.6300,25.6600,20.4738,60400,0.0000,1.0000
2016-04-20,25.6700,25.7400,25.5510,25.7100,20.5137,77900,0.0000,1.0000
2016-04-19,25.5900,25.6500,25.5017,25.5500,20.3861,219000,0.0000,1.0000
2016-04-18,25.5200,25.6400,25.3800,25.5300,20.3701,372700,0.0000,1.0000
2016-04-15,25.5500,25.5500,25.4500,25.4800,20.3302,76100,0.0000,1.0000
2016-04-14,25.4800,25.5400,25.4300,25.5000,20.3462,195300,0.0000,1.0000
2016-04-13,25.4800,25.4800,25.4040,25.4200,20.2823,169300,0.0000,1.0000
2016-04-12,25.3800,25.4900,25.3800,25.4400,20.2983,192700,0.0000,1.0000
2016-04-11,25.4200,25.4910,25.4200,25.4200,20.2823,97800,0.0000,1.0000
2016-04-08,25.4900,25.5500,25.3700,25.3900,20.2584,145400,0.0000,1.0000
2016-04-07,25.5000,25.5300,25.2600,25.3600,20.2345,100200,0.0000,1.0000
2016-04-06,25.3900,25.5500,25.3900,25.4200,20.2823,171800,0.0000,1.0000
2016-04-05,25.3500,25.4688,25.0800,25.3700,20.2424,158100,0.0000,1.0000
2016-04-04,25.5495,25.6100,25.3500,25.4000,20.2664,119000,0.0000,1.0000
2016-04-01,25.7000,25.7300,25.5390,25.6300,20.4499,111900,0.0000,1.0000
2016-03-31,25.5000,25.7220,25.5000,25.6900,20.4978,145800,0.0000,1.0000
2016-03-30,25.5900,25.6600,25.4500,25.5100,20.3541,194000,0.0000,1.0000
2016-03-29,25.5500,25.7000,25.4000,25.5800,20.4100,440300,0.0000,1.0000
2016-03-28,25.4800,25.7900,25.2700,25.4800,20.3302,453600,0.0000,1.0000
